,sym_1,sym_2,p_value,t_value,c_value,hedge_ratio,zero_crossings
247,BSWUSDT,CREAMUSDT,0.0,-6.42,-3.37,0.02,45
35,1000FLOKIUSDT,MASKUSDT,0.03,-3.5,-3.37,0.01,44
67,1000XECUSDT,CREAMUSDT,0.03,-3.51,-3.37,0.0,44
561,THETAUSDT,CHRUSDT,0.0,-5.1,-3.37,6.66,44
142,ALGOUSDT,FLOWUSDT,0.0,-4.19,-3.37,0.21,43
359,ENSUSDT,KDAUSDT,0.0,-5.23,-3.37,13.29,43
209,AVAXUSDT,KDAUSDT,0.01,-3.83,-3.37,15.83,43
166,ALICEUSDT,GALUSDT,0.0,-4.7,-3.37,0.97,41
52,1000LUNCUSDT,BOBAUSDT,0.0,-4.25,-3.37,0.59,40
62,1000LUNCUSDT,WAVESUSDT,0.04,-3.4,-3.37,0.06,39
151,ALICEUSDT,ALPHAUSDT,0.0,-4.29,-3.37,14.74,39
95,1INCHUSDT,MTLUSDT,0.03,-3.51,-3.37,0.45,38
621,VETUSDT,PEOPLEUSDT,0.01,-3.84,-3.37,1.1,38
540,SLPUSDT,1000BTTUSDT,0.02,-3.6,-3.37,4.18,38
629,VETUSDT,ZILUSDT,0.0,-4.24,-3.37,0.9,38
262,BTCUSDT,SFPUSDT,0.04,-3.44,-3.37,49881.61,37
507,RVNUSDT,BANDUSDT,0.01,-4.04,-3.37,0.02,37
654,XTZUSDT,KDAUSDT,0.0,-4.72,-3.37,1.08,37
634,XEMUSDT,AXSUSDT,0.01,-3.98,-3.37,0.0,37
451,LPTUSDT,ZECUSDT,0.01,-3.81,-3.37,0.16,37
666,ZILUSDT,ALGOUSDT,0.02,-3.61,-3.37,0.12,37
432,KNCUSDT,RUNEUSDT,0.0,-4.33,-3.37,0.49,36
413,KNCUSDT,ARPAUSDT,0.03,-3.57,-3.37,19.25,36
389,HNTUSDT,ALPHAUSDT,0.01,-3.87,-3.37,22.04,36
304,DARUSDT,SKLUSDT,0.02,-3.68,-3.37,4.23,36
623,VETUSDT,RSRUSDT,0.0,-4.85,-3.37,5.68,36
120,AKROUSDT,ILVUSDT,0.02,-3.75,-3.37,0.0,35
565,TRBUSDT,BATUSDT,0.03,-3.53,-3.37,59.96,35
643,XTZUSDT,ENSUSDT,0.04,-3.43,-3.37,0.08,34
219,BALUSDT,SFPUSDT,0.0,-4.79,-3.37,14.09,34
600,VETUSDT,ALICEUSDT,0.02,-3.69,-3.37,0.02,34
141,ALGOUSDT,FLMUSDT,0.01,-3.95,-3.37,2.3,34
597,VETUSDT,1INCHUSDT,0.0,-4.4,-3.37,0.05,34
145,ALGOUSDT,LUNA2USDT,0.03,-3.55,-3.37,0.15,34
513,RVNUSDT,JSTUSDT,0.04,-3.38,-3.37,0.96,33
208,AVAXUSDT,JASMYUSDT,0.01,-3.9,-3.37,3007.73,33
263,BTCUSDT,WOOUSDT,0.03,-3.58,-3.37,123270.31,33
85,1INCHUSDT,BANDUSDT,0.01,-3.89,-3.37,0.3,33
447,LPTUSDT,CREAMUSDT,0.02,-3.75,-3.37,0.53,33
605,VETUSDT,BANDUSDT,0.05,-3.37,-3.37,0.01,33
346,ENSUSDT,CEEKUSDT,0.02,-3.65,-3.37,144.78,33
566,TRBUSDT,BELUSDT,0.01,-3.82,-3.37,23.76,33
669,ZILUSDT,AUDIOUSDT,0.0,-4.11,-3.37,0.1,33
678,ZILUSDT,GALUSDT,0.02,-3.65,-3.37,0.02,33
599,VETUSDT,ALGOUSDT,0.02,-3.73,-3.37,0.11,33
81,1000XECUSDT,SUNUSDT,0.01,-4.07,-3.37,4.6,32
367,ETCUSDT,API3USDT,0.0,-4.71,-3.37,13.73,32
6,10000NFTUSDT,XNOUSDT,0.0,-5.59,-3.37,0.01,32
630,VETUSDT,ZRXUSDT,0.02,-3.76,-3.37,0.1,32
70,1000XECUSDT,DOGEUSDT,0.02,-3.63,-3.37,0.41,32
482,OPUSDT,GALAUSDT,0.03,-3.53,-3.37,65.13,32
73,1000XECUSDT,GLMRUSDT,0.0,-4.12,-3.37,0.08,32
670,ZILUSDT,AXSUSDT,0.03,-3.49,-3.37,0.0,32
222,BALUSDT,XMRUSDT,0.01,-4.07,-3.37,0.04,32
33,1000FLOKIUSDT,LOOKSUSDT,0.01,-4.0,-3.37,0.25,32
234,BICOUSDT,XEMUSDT,0.04,-3.44,-3.37,9.82,31
409,ICXUSDT,CEEKUSDT,0.01,-3.93,-3.37,2.26,30
391,HNTUSDT,API3USDT,0.01,-3.87,-3.37,1.64,30
97,1INCHUSDT,OGNUSDT,0.04,-3.39,-3.37,4.24,30
111,AAVEUSDT,SUNUSDT,0.02,-3.72,-3.37,11443.69,30
149,ALGOUSDT,OMGUSDT,0.01,-4.1,-3.37,0.15,30
431,KNCUSDT,QTUMUSDT,0.0,-4.14,-3.37,0.24,30
450,LPTUSDT,WAVESUSDT,0.0,-4.83,-3.37,2.62,30
439,LINAUSDT,BELUSDT,0.0,-4.77,-3.37,0.01,30
307,DARUSDT,THETAUSDT,0.0,-4.32,-3.37,0.17,30
514,RVNUSDT,KDAUSDT,0.05,-3.37,-3.37,0.02,30
299,DARUSDT,MANAUSDT,0.01,-3.94,-3.37,0.3,30
665,ZECUSDT,BNXUSDT,0.05,-3.38,-3.37,53.08,30
672,ZILUSDT,COMPUSDT,0.01,-3.92,-3.37,0.0,30
668,ZILUSDT,ASTRUSDT,0.04,-3.38,-3.37,0.4,30
416,KNCUSDT,BATUSDT,0.04,-3.38,-3.37,2.87,29
30,1000FLOKIUSDT,IMXUSDT,0.03,-3.5,-3.37,0.04,29
563,TRBUSDT,APEUSDT,0.0,-4.29,-3.37,3.2,29
90,1INCHUSDT,FLMUSDT,0.01,-4.08,-3.37,5.39,29
414,KNCUSDT,ASTRUSDT,0.01,-3.89,-3.37,10.93,29
407,ICXUSDT,AXSUSDT,0.04,-3.45,-3.37,0.03,29
105,AAVEUSDT,ICPUSDT,0.01,-3.92,-3.37,14.15,29
486,OPUSDT,LPTUSDT,0.03,-3.48,-3.37,0.41,29
323,DOTUSDT,IOTXUSDT,0.0,-4.58,-3.37,243.46,29
123,ALGOUSDT,1INCHUSDT,0.03,-3.53,-3.37,0.43,29
606,VETUSDT,CTSIUSDT,0.0,-4.12,-3.37,0.17,29
288,DARUSDT,ETCUSDT,0.0,-4.35,-3.37,0.01,29
601,VETUSDT,ALPHAUSDT,0.01,-3.93,-3.37,0.22,29
504,RVNUSDT,ALPHAUSDT,0.01,-3.82,-3.37,0.24,29
544,STGUSDT,HOOKUSDT,0.02,-3.66,-3.37,0.4,29
624,VETUSDT,SANDUSDT,0.01,-3.78,-3.37,0.04,29
602,VETUSDT,ANKRUSDT,0.01,-3.8,-3.37,0.73,29
261,BTCUSDT,JASMYUSDT,0.01,-3.98,-3.37,4196241.6,29
205,AVAXUSDT,ICPUSDT,0.0,-4.29,-3.37,3.04,29
517,RVNUSDT,SANDUSDT,0.02,-3.62,-3.37,0.04,29
443,LINAUSDT,FXSUSDT,0.0,-4.31,-3.37,0.0,29
200,AVAXUSDT,ETCUSDT,0.0,-4.3,-3.37,0.84,29
626,VETUSDT,TLMUSDT,0.02,-3.73,-3.37,1.27,28
303,DARUSDT,SFPUSDT,0.02,-3.72,-3.37,0.38,28
457,MANAUSDT,ALPHAUSDT,0.0,-4.53,-3.37,5.55,28
279,CREAMUSDT,10000NFTUSDT,0.04,-3.47,-3.37,2447.5,28
422,KNCUSDT,DUSKUSDT,0.0,-4.75,-3.37,3.97,28
472,MKRUSDT,SSVUSDT,0.02,-3.72,-3.37,23.34,28
337,ENSUSDT,1INCHUSDT,0.04,-3.47,-3.37,27.24,28
227,BICOUSDT,BOBAUSDT,0.02,-3.72,-3.37,1.62,28
614,VETUSDT,FLOWUSDT,0.02,-3.61,-3.37,0.02,28
489,QTUMUSDT,ASTRUSDT,0.01,-3.82,-3.37,44.93,28
559,THETAUSDT,AVAXUSDT,0.05,-3.37,-3.37,0.06,28
306,DARUSDT,SUSHIUSDT,0.01,-4.04,-3.37,0.14,28
148,ALGOUSDT,NKNUSDT,0.02,-3.73,-3.37,2.1,28
21,1000FLOKIUSDT,BNXUSDT,0.02,-3.66,-3.37,0.06,28
417,KNCUSDT,BELUSDT,0.0,-4.48,-3.37,1.14,28
537,SKLUSDT,AAVEUSDT,0.0,-4.85,-3.37,0.0,28
522,SCRTUSDT,FITFIUSDT,0.04,-3.4,-3.37,41.91,27
138,ALGOUSDT,CTSIUSDT,0.01,-3.8,-3.37,1.55,27
132,ALGOUSDT,BOBAUSDT,0.04,-3.39,-3.37,0.91,27
524,SCRTUSDT,PEOPLEUSDT,0.04,-3.41,-3.37,33.76,27
244,BSWUSDT,BSVUSDT,0.0,-4.63,-3.37,0.01,27
394,HOOKUSDT,AUDIOUSDT,0.04,-3.39,-3.37,7.21,27
484,OPUSDT,HOOKUSDT,0.01,-3.97,-3.37,1.29,27
268,CHZUSDT,EGLDUSDT,0.03,-3.56,-3.37,0.0,27
212,AVAXUSDT,MANAUSDT,0.04,-3.42,-3.37,27.84,27
29,1000FLOKIUSDT,FITFIUSDT,0.01,-4.05,-3.37,2.3,27
410,ICXUSDT,CKBUSDT,0.01,-3.9,-3.37,51.13,27
84,1INCHUSDT,BAKEUSDT,0.02,-3.6,-3.37,2.69,27
655,XTZUSDT,KSMUSDT,0.04,-3.41,-3.37,0.03,26
680,ZILUSDT,ICXUSDT,0.02,-3.74,-3.37,0.12,26
206,AVAXUSDT,IOSTUSDT,0.03,-3.48,-3.37,1602.57,26
216,AVAXUSDT,SUSHIUSDT,0.01,-3.81,-3.37,13.59,26
193,ARUSDT,RSRUSDT,0.01,-3.96,-3.37,2054.1,26
642,XTZUSDT,COCOSUSDT,0.01,-3.78,-3.37,0.73,26
538,SKLUSDT,ALPHAUSDT,0.0,-4.25,-3.37,0.39,26
83,1INCHUSDT,AUDIOUSDT,0.0,-4.14,-3.37,1.95,26
286,DARUSDT,CHRUSDT,0.02,-3.72,-3.37,1.14,26
59,1000LUNCUSDT,OMGUSDT,0.03,-3.48,-3.37,0.1,26
651,XTZUSDT,HOOKUSDT,0.02,-3.74,-3.37,0.6,26
93,1INCHUSDT,GALUSDT,0.01,-3.86,-3.37,0.31,26
525,SCRTUSDT,STORJUSDT,0.01,-4.02,-3.37,1.99,26
297,DARUSDT,KDAUSDT,0.05,-3.37,-3.37,0.17,26
401,HOOKUSDT,KDAUSDT,0.04,-3.46,-3.37,1.8,26
32,1000FLOKIUSDT,LITUSDT,0.03,-3.47,-3.37,0.04,25
502,RNDRUSDT,ROSEUSDT,0.01,-3.96,-3.37,21.0,25
155,ALICEUSDT,BANDUSDT,0.01,-4.09,-3.37,0.93,25
232,BICOUSDT,OMGUSDT,0.04,-3.42,-3.37,0.27,25
411,ICXUSDT,CVCUSDT,0.02,-3.68,-3.37,2.05,25
392,HOOKUSDT,ALPHAUSDT,0.01,-3.87,-3.37,17.57,25
329,DUSKUSDT,1000LUNCUSDT,0.04,-3.41,-3.37,1.27,25
217,AVAXUSDT,WOOUSDT,0.01,-3.87,-3.37,88.37,25
229,BICOUSDT,CKBUSDT,0.02,-3.64,-3.37,91.61,25
495,QTUMUSDT,DUSKUSDT,0.01,-3.98,-3.37,16.3,25
199,AVAXUSDT,CRVUSDT,0.02,-3.74,-3.37,17.02,25
476,NEARUSDT,API3USDT,0.02,-3.7,-3.37,1.42,25
215,AVAXUSDT,SKLUSDT,0.0,-4.36,-3.37,397.88,24
390,HNTUSDT,ANKRUSDT,0.01,-3.92,-3.37,72.58,24
497,QTUMUSDT,FLOWUSDT,0.0,-4.49,-3.37,2.89,24
580,USDCUSDT,CTSIUSDT,0.04,-3.39,-3.37,7.5,24
126,ALGOUSDT,ASTRUSDT,0.05,-3.37,-3.37,3.34,24
154,ALICEUSDT,AUDIOUSDT,0.01,-3.79,-3.37,6.05,24
604,VETUSDT,BAKEUSDT,0.03,-3.51,-3.37,0.13,24
280,CREAMUSDT,1000BTTUSDT,0.01,-3.81,-3.37,16338.49,24
158,ALICEUSDT,COMPUSDT,0.01,-3.82,-3.37,0.04,24
273,COCOSUSDT,1INCHUSDT,0.01,-4.03,-3.37,3.02,24
128,ALGOUSDT,BELUSDT,0.03,-3.47,-3.37,0.35,23
174,ALICEUSDT,MTLUSDT,0.02,-3.65,-3.37,1.39,23
440,LINAUSDT,BNXUSDT,0.01,-3.96,-3.37,0.01,23
539,SKLUSDT,API3USDT,0.01,-4.07,-3.37,0.03,23
177,ANTUSDT,CELUSDT,0.02,-3.7,-3.37,6.03,23
290,DARUSDT,GLMRUSDT,0.01,-4.1,-3.37,0.43,23
406,ICXUSDT,ASTRUSDT,0.03,-3.53,-3.37,3.32,23
685,ZILUSDT,MTLUSDT,0.04,-3.42,-3.37,0.02,23
296,DARUSDT,JASMYUSDT,0.01,-3.84,-3.37,31.94,23
488,QTUMUSDT,APEUSDT,0.02,-3.68,-3.37,0.63,23
191,ARUSDT,MANAUSDT,0.02,-3.72,-3.37,14.43,23
246,BSWUSDT,COTIUSDT,0.03,-3.54,-3.37,2.56,23
399,HOOKUSDT,GALUSDT,0.02,-3.61,-3.37,1.16,23
423,KNCUSDT,FLOWUSDT,0.0,-5.14,-3.37,0.7,23
478,OPUSDT,API3USDT,0.01,-3.81,-3.37,1.69,23
164,ALICEUSDT,FLMUSDT,0.02,-3.64,-3.37,16.67,23
254,BSWUSDT,SUNUSDT,0.03,-3.59,-3.37,29.68,23
616,VETUSDT,GALUSDT,0.02,-3.65,-3.37,0.01,23
276,COCOSUSDT,AGLDUSDT,0.01,-4.06,-3.37,3.59,23
615,VETUSDT,GALAUSDT,0.03,-3.49,-3.37,0.64,23
218,BALUSDT,CELUSDT,0.04,-3.46,-3.37,16.44,22
398,HOOKUSDT,GALAUSDT,0.03,-3.56,-3.37,50.57,22
49,1000LUNCUSDT,BATUSDT,0.02,-3.67,-3.37,0.57,22
494,QTUMUSDT,CTSIUSDT,0.03,-3.58,-3.37,20.9,22
579,USDCUSDT,CREAMUSDT,0.03,-3.53,-3.37,0.09,22
660,YFIUSDT,BLURUSDT,0.04,-3.44,-3.37,14778.79,22
13,1000BONKUSDT,ILVUSDT,0.01,-4.08,-3.37,0.0,22
79,1000XECUSDT,PEOPLEUSDT,0.04,-3.39,-3.37,1.44,22
523,SCRTUSDT,LITUSDT,0.04,-3.39,-3.37,0.7,22
681,ZILUSDT,JSTUSDT,0.04,-3.47,-3.37,0.99,22
374,GMXUSDT,CFXUSDT,0.04,-3.44,-3.37,357.78,22
171,ALICEUSDT,JSTUSDT,0.03,-3.49,-3.37,59.06,22
633,XEMUSDT,ALGOUSDT,0.01,-4.06,-3.37,0.18,22
334,DYDXUSDT,ONEUSDT,0.02,-3.6,-3.37,122.59,22
516,RVNUSDT,RSRUSDT,0.04,-3.4,-3.37,6.17,22
527,SCRTUSDT,SWEATUSDT,0.01,-3.86,-3.37,71.92,22
556,SUSHIUSDT,AAVEUSDT,0.03,-3.52,-3.37,0.02,22
127,ALGOUSDT,AXSUSDT,0.03,-3.56,-3.37,0.03,22
156,ALICEUSDT,CEEKUSDT,0.03,-3.47,-3.37,16.45,22
349,ENSUSDT,CREAMUSDT,0.04,-3.46,-3.37,1.22,22
118,ADAUSDT,CELUSDT,0.04,-3.4,-3.37,0.87,22
294,DARUSDT,HNTUSDT,0.02,-3.63,-3.37,0.07,21
378,GMXUSDT,MAGICUSDT,0.0,-5.36,-3.37,53.61,21
284,DARUSDT,API3USDT,0.01,-3.82,-3.37,0.12,21
295,DARUSDT,IOTAUSDT,0.04,-3.38,-3.37,0.82,21
69,1000XECUSDT,DGBUSDT,0.0,-4.2,-3.37,3.03,21
60,1000LUNCUSDT,PEOPLEUSDT,0.01,-4.04,-3.37,6.61,21
649,XTZUSDT,HBARUSDT,0.04,-3.39,-3.37,17.31,21
293,DARUSDT,HBARUSDT,0.04,-3.42,-3.37,2.7,21
63,1000XECUSDT,ASTRUSDT,0.02,-3.66,-3.37,0.47,21
377,GMXUSDT,LDOUSDT,0.04,-3.46,-3.37,27.69,21
233,BICOUSDT,STORJUSDT,0.01,-3.89,-3.37,1.06,21
402,HOOKUSDT,NEOUSDT,0.04,-3.43,-3.37,0.17,21
639,XTZUSDT,ALPHAUSDT,0.01,-3.98,-3.37,10.5,21
466,MKRUSDT,GMXUSDT,0.03,-3.54,-3.37,12.63,21
676,ZILUSDT,FLMUSDT,0.01,-3.85,-3.37,0.28,21
335,DYDXUSDT,ROSEUSDT,0.04,-3.45,-3.37,40.31,21
76,1000XECUSDT,MTLUSDT,0.02,-3.6,-3.37,0.03,21
483,OPUSDT,GALUSDT,0.01,-3.91,-3.37,1.49,21
165,ALICEUSDT,GALAUSDT,0.01,-4.01,-3.37,42.42,21
562,THETAUSDT,CRVUSDT,0.02,-3.73,-3.37,1.05,21
101,AAVEUSDT,CHRUSDT,0.01,-4.0,-3.37,500.84,21
490,QTUMUSDT,BAKEUSDT,0.03,-3.58,-3.37,15.5,21
175,ALICEUSDT,NEOUSDT,0.04,-3.45,-3.37,0.14,21
139,ALGOUSDT,CVCUSDT,0.02,-3.65,-3.37,2.07,21
492,QTUMUSDT,BNXUSDT,0.04,-3.46,-3.37,4.15,21
157,ALICEUSDT,CKBUSDT,0.04,-3.47,-3.37,372.59,21
446,LPTUSDT,BNXUSDT,0.02,-3.6,-3.37,8.44,21
554,STORJUSDT,AXSUSDT,0.03,-3.5,-3.37,0.04,21
310,DASHUSDT,FXSUSDT,0.01,-3.91,-3.37,6.43,21
134,ALGOUSDT,CKBUSDT,0.02,-3.75,-3.37,51.46,21
553,STORJUSDT,ALICEUSDT,0.0,-4.96,-3.37,0.23,21
613,VETUSDT,FLMUSDT,0.02,-3.71,-3.37,0.25,21
671,ZILUSDT,CKBUSDT,0.01,-3.8,-3.37,6.24,21
106,AAVEUSDT,LINKUSDT,0.01,-4.09,-3.37,11.0,21
388,HBARUSDT,CELUSDT,0.04,-3.45,-3.37,0.16,21
480,OPUSDT,DUSKUSDT,0.05,-3.37,-3.37,13.46,21
274,COCOSUSDT,AAVEUSDT,0.02,-3.64,-3.37,0.02,20
133,ALGOUSDT,CEEKUSDT,0.02,-3.61,-3.37,2.27,20
461,MKRUSDT,ASTRUSDT,0.03,-3.51,-3.37,13804.01,20
54,1000LUNCUSDT,CKBUSDT,0.02,-3.74,-3.37,33.52,20
94,1INCHUSDT,KDAUSDT,0.01,-3.87,-3.37,0.49,20
42,1000FLOKIUSDT,SWEATUSDT,0.01,-3.81,-3.37,3.94,20
358,ENSUSDT,JSTUSDT,0.03,-3.58,-3.37,519.68,20
543,STGUSDT,FXSUSDT,0.01,-3.89,-3.37,0.08,20
674,ZILUSDT,DUSKUSDT,0.02,-3.64,-3.37,0.15,20
499,RNDRUSDT,CELUSDT,0.04,-3.47,-3.37,3.02,20
213,AVAXUSDT,NEARUSDT,0.01,-3.9,-3.37,8.12,20
197,AVAXUSDT,API3USDT,0.03,-3.58,-3.37,11.52,20
620,VETUSDT,ONEUSDT,0.01,-4.05,-3.37,1.27,20
552,STORJUSDT,AGLDUSDT,0.0,-4.84,-3.37,0.85,20
541,SOLUSDT,EGLDUSDT,0.03,-3.55,-3.37,0.47,20
282,DARUSDT,ALPHAUSDT,0.04,-3.47,-3.37,1.64,20
237,BSVUSDT,1000BTTUSDT,0.02,-3.7,-3.37,54401.84,20
176,ALICEUSDT,OGNUSDT,0.01,-3.83,-3.37,13.13,20
172,ALICEUSDT,KDAUSDT,0.02,-3.69,-3.37,1.51,20
617,VETUSDT,KDAUSDT,0.04,-3.39,-3.37,0.02,20
311,DASHUSDT,IMXUSDT,0.04,-3.41,-3.37,58.48,19
317,DOTUSDT,CRVUSDT,0.04,-3.38,-3.37,6.26,19
270,CHZUSDT,HBARUSDT,0.04,-3.4,-3.37,1.88,19
673,ZILUSDT,CVCUSDT,0.0,-4.77,-3.37,0.25,19
308,DASHUSDT,BNXUSDT,0.04,-3.44,-3.37,84.69,19
477,OPUSDT,APEUSDT,0.02,-3.71,-3.37,0.52,19
366,ETCUSDT,ALPHAUSDT,0.04,-3.44,-3.37,184.02,19
427,KNCUSDT,LINAUSDT,0.0,-4.26,-3.37,87.19,19
511,RVNUSDT,HOTUSDT,0.01,-4.03,-3.37,14.33,19
512,RVNUSDT,IOTAUSDT,0.04,-3.42,-3.37,0.12,19
272,CHZUSDT,REQUSDT,0.01,-3.84,-3.37,1.22,19
555,SUNUSDT,1000BTTUSDT,0.04,-3.46,-3.37,9.67,19
153,ALICEUSDT,ASTRUSDT,0.04,-3.43,-3.37,24.17,19
628,VETUSDT,YGGUSDT,0.0,-4.68,-3.37,0.09,19
560,THETAUSDT,BALUSDT,0.03,-3.51,-3.37,0.16,19
184,ARUSDT,EGLDUSDT,0.02,-3.74,-3.37,0.2,19
187,ARUSDT,GALAUSDT,0.05,-3.37,-3.37,230.43,19
188,ARUSDT,GALUSDT,0.04,-3.42,-3.37,5.28,19
198,AVAXUSDT,CHRUSDT,0.0,-4.6,-3.37,107.72,19
159,ALICEUSDT,CVCUSDT,0.01,-3.88,-3.37,14.96,19
588,USDCUSDT,ONTUSDT,0.04,-3.41,-3.37,4.8,19
235,BLZUSDT,AGLDUSDT,0.02,-3.66,-3.37,0.2,19
385,HBARUSDT,AVAXUSDT,0.03,-3.57,-3.37,0.0,19
91,1INCHUSDT,FLOWUSDT,0.0,-4.13,-3.37,0.5,19
96,1INCHUSDT,NEOUSDT,0.02,-3.65,-3.37,0.04,19
632,XEMUSDT,AGLDUSDT,0.04,-3.45,-3.37,0.09,19
379,GMXUSDT,SSVUSDT,0.03,-3.58,-3.37,1.84,19
260,BSWUSDT,ZECUSDT,0.03,-3.54,-3.37,0.01,19
269,CHZUSDT,ETHWUSDT,0.02,-3.76,-3.37,0.03,18
584,USDCUSDT,GLMRUSDT,0.04,-3.47,-3.37,2.6,18
505,RVNUSDT,ANKRUSDT,0.03,-3.52,-3.37,0.79,18
445,LPTUSDT,BELUSDT,0.01,-4.09,-3.37,9.51,18
252,BSWUSDT,OMGUSDT,0.03,-3.56,-3.37,0.14,18
463,MKRUSDT,DUSKUSDT,0.04,-3.4,-3.37,5008.7,18
51,1000LUNCUSDT,BNXUSDT,0.03,-3.59,-3.37,0.2,18
458,MANAUSDT,ANKRUSDT,0.03,-3.52,-3.37,18.27,18
316,DOTUSDT,CELUSDT,0.0,-4.19,-3.37,15.36,18
550,STORJUSDT,1000LUNCUSDT,0.02,-3.61,-3.37,2.56,18
419,KNCUSDT,CREAMUSDT,0.0,-5.02,-3.37,0.06,18
137,ALGOUSDT,CREAMUSDT,0.04,-3.46,-3.37,0.02,18
192,ARUSDT,REQUSDT,0.04,-3.38,-3.37,85.24,18
109,AAVEUSDT,RSRUSDT,0.02,-3.66,-3.37,18416.62,18
152,ALICEUSDT,ANKRUSDT,0.0,-4.4,-3.37,48.55,18
509,RVNUSDT,GALUSDT,0.01,-3.9,-3.37,0.02,18
459,MATICUSDT,CELUSDT,0.01,-3.95,-3.37,2.94,18
608,VETUSDT,DUSKUSDT,0.04,-3.39,-3.37,0.13,18
387,HBARUSDT,BITUSDT,0.01,-3.94,-3.37,0.12,18
449,LPTUSDT,FXSUSDT,0.0,-4.27,-3.37,0.64,18
330,DYDXUSDT,ALPHAUSDT,0.02,-3.61,-3.37,21.44,18
239,BSWUSDT,1000LUNCUSDT,0.01,-4.0,-3.37,1.4,18
564,TRBUSDT,ASTRUSDT,0.01,-3.78,-3.37,228.52,17
474,NEARUSDT,ALPHAUSDT,0.01,-3.81,-3.37,19.01,17
393,HOOKUSDT,ASTRUSDT,0.04,-3.45,-3.37,28.81,17
86,1INCHUSDT,CEEKUSDT,0.02,-3.67,-3.37,5.31,17
87,1INCHUSDT,CVCUSDT,0.0,-4.25,-3.37,4.83,17
487,OPUSDT,LRCUSDT,0.04,-3.4,-3.37,7.54,17
324,DOTUSDT,JASMYUSDT,0.01,-3.78,-3.37,1107.07,17
182,ARUSDT,ALPHAUSDT,0.04,-3.44,-3.37,80.07,17
100,AAVEUSDT,ASTRUSDT,0.03,-3.58,-3.37,1177.51,17
518,RVNUSDT,SCUSDT,0.01,-4.05,-3.37,6.71,17
78,1000XECUSDT,OMGUSDT,0.04,-3.44,-3.37,0.02,17
74,1000XECUSDT,JSTUSDT,0.0,-4.26,-3.37,1.16,17
542,STGUSDT,AGLDUSDT,0.04,-3.44,-3.37,1.77,17
425,KNCUSDT,IMXUSDT,0.01,-3.82,-3.37,0.7,17
479,OPUSDT,BELUSDT,0.03,-3.54,-3.37,3.86,17
68,1000XECUSDT,CTSIUSDT,0.05,-3.37,-3.37,0.22,17
228,BICOUSDT,CEEKUSDT,0.02,-3.7,-3.37,4.04,17
396,HOOKUSDT,CTSIUSDT,0.03,-3.58,-3.37,13.4,17
275,COCOSUSDT,AGIXUSDT,0.0,-4.44,-3.37,3.82,17
529,SHIB1000USDT,GTCUSDT,0.0,-4.63,-3.37,0.01,17
302,DARUSDT,SANDUSDT,0.01,-4.1,-3.37,0.29,17
102,AAVEUSDT,DGBUSDT,0.0,-4.24,-3.37,7534.19,16
448,LPTUSDT,FLOWUSDT,0.04,-3.43,-3.37,5.87,16
371,FXSUSDT,1000BTTUSDT,0.02,-3.64,-3.37,13376.22,16
344,ENSUSDT,BAKEUSDT,0.04,-3.42,-3.37,73.37,16
136,ALGOUSDT,COTIUSDT,0.0,-4.12,-3.37,2.79,16
434,KNCUSDT,SUNUSDT,0.0,-5.27,-3.37,106.19,16
462,MKRUSDT,DGBUSDT,0.04,-3.45,-3.37,88290.67,16
352,ENSUSDT,DUSKUSDT,0.02,-3.68,-3.37,77.17,16
353,ENSUSDT,FLMUSDT,0.03,-3.51,-3.37,146.69,16
460,MINAUSDT,AGIXUSDT,0.0,-4.34,-3.37,1.9,16
682,ZILUSDT,KDAUSDT,0.0,-4.42,-3.37,0.03,16
433,KNCUSDT,SLPUSDT,0.03,-3.48,-3.37,245.56,16
140,ALGOUSDT,DUSKUSDT,0.02,-3.66,-3.37,1.21,16
438,LINAUSDT,ARPAUSDT,0.02,-3.75,-3.37,0.22,16
147,ALGOUSDT,NEOUSDT,0.0,-4.25,-3.37,0.02,16
300,DARUSDT,ROSEUSDT,0.0,-4.78,-3.37,3.08,16
644,XTZUSDT,ETHWUSDT,0.01,-3.92,-3.37,0.32,16
236,BNXUSDT,1000BTTUSDT,0.0,-4.72,-3.37,1015.79,16
285,DARUSDT,BITUSDT,0.03,-3.5,-3.37,0.32,16
534,SHIB1000USDT,MAGICUSDT,0.04,-3.42,-3.37,0.01,16
224,BICOUSDT,AGLDUSDT,0.01,-4.0,-3.37,0.9,16
625,VETUSDT,SCUSDT,0.02,-3.72,-3.37,6.18,16
214,AVAXUSDT,ROSEUSDT,0.0,-4.8,-3.37,290.26,16
210,AVAXUSDT,LDOUSDT,0.04,-3.4,-3.37,6.42,16
160,ALICEUSDT,DENTUSDT,0.01,-3.89,-3.37,1522.8,16
77,1000XECUSDT,OGNUSDT,0.01,-3.87,-3.37,0.26,16
25,1000FLOKIUSDT,CTCUSDT,0.04,-3.41,-3.37,0.09,16
196,AVAXUSDT,ALPHAUSDT,0.0,-4.14,-3.37,154.43,16
313,DODOUSDT,BLURUSDT,0.02,-3.61,-3.37,0.29,16
48,1000LUNCUSDT,AGLDUSDT,0.03,-3.5,-3.37,0.33,16
17,1000BONKUSDT,YGGUSDT,0.03,-3.5,-3.37,0.0,16
619,VETUSDT,OGNUSDT,0.02,-3.73,-3.37,0.2,16
420,KNCUSDT,CVXUSDT,0.03,-3.52,-3.37,0.12,16
567,TRBUSDT,BSVUSDT,0.02,-3.6,-3.37,0.39,16
481,OPUSDT,ENSUSDT,0.01,-3.79,-3.37,0.17,16
365,ENSUSDT,OMGUSDT,0.0,-4.6,-3.37,9.53,15
375,GMXUSDT,DARUSDT,0.04,-3.43,-3.37,405.76,15
412,IOSTUSDT,ALPHAUSDT,0.0,-4.24,-3.37,0.1,15
686,ZILUSDT,NEOUSDT,0.03,-3.58,-3.37,0.0,15
173,ALICEUSDT,MINAUSDT,0.04,-3.4,-3.37,2.06,15
519,SCRTUSDT,BSVUSDT,0.01,-3.95,-3.37,0.02,15
677,ZILUSDT,GALAUSDT,0.01,-3.85,-3.37,0.71,15
18,1000FLOKIUSDT,APEUSDT,0.03,-3.48,-3.37,0.01,15
667,ZILUSDT,ALPHAUSDT,0.03,-3.5,-3.37,0.25,15
656,XTZUSDT,MINAUSDT,0.02,-3.71,-3.37,1.46,15
647,XTZUSDT,GALAUSDT,0.0,-4.47,-3.37,30.21,15
55,1000LUNCUSDT,CREAMUSDT,0.0,-4.77,-3.37,0.01,15
107,AAVEUSDT,OGNUSDT,0.02,-3.71,-3.37,639.65,15
603,VETUSDT,AUDIOUSDT,0.0,-4.74,-3.37,0.09,15
121,AKROUSDT,NKNUSDT,0.03,-3.55,-3.37,0.05,15
575,USDCUSDT,BSWUSDT,0.04,-3.43,-3.37,5.28,15
231,BICOUSDT,CVCUSDT,0.04,-3.39,-3.37,3.68,15
526,SCRTUSDT,SUNUSDT,0.04,-3.4,-3.37,107.96,15
424,KNCUSDT,FXSUSDT,0.04,-3.42,-3.37,0.08,15
257,BSWUSDT,UNIUSDT,0.01,-3.93,-3.37,0.03,15
468,MKRUSDT,LDOUSDT,0.04,-3.42,-3.37,350.2,15
287,DARUSDT,DENTUSDT,0.02,-3.65,-3.37,169.39,15
314,DODOUSDT,FITFIUSDT,0.04,-3.47,-3.37,10.6,15
471,MKRUSDT,SKLUSDT,0.04,-3.38,-3.37,21676.86,15
508,RVNUSDT,EGLDUSDT,0.04,-3.38,-3.37,0.0,15
498,QTUMUSDT,IMXUSDT,0.04,-3.44,-3.37,2.86,15
418,KNCUSDT,BLURUSDT,0.01,-3.86,-3.37,1.14,14
14,1000BONKUSDT,NKNUSDT,0.04,-3.44,-3.37,0.01,14
354,ENSUSDT,FLOWUSDT,0.0,-4.27,-3.37,13.66,14
415,KNCUSDT,BAKEUSDT,0.03,-3.55,-3.37,3.77,14
403,HOOKUSDT,OGNUSDT,0.03,-3.49,-3.37,15.65,14
332,DYDXUSDT,GALAUSDT,0.03,-3.58,-3.37,61.72,14
638,XTZUSDT,ALICEUSDT,0.0,-4.21,-3.37,0.71,14
7,1000BONKUSDT,AUDIOUSDT,0.04,-3.42,-3.37,0.0,14
64,1000XECUSDT,BAKEUSDT,0.0,-4.29,-3.37,0.16,14
71,1000XECUSDT,DUSKUSDT,0.0,-4.42,-3.37,0.17,14
622,VETUSDT,REQUSDT,0.01,-4.09,-3.37,0.24,14
99,AAVEUSDT,API3USDT,0.0,-4.3,-3.37,53.58,14
4,10000NFTUSDT,SSVUSDT,0.03,-3.55,-3.37,0.0,14
493,QTUMUSDT,CREAMUSDT,0.01,-3.99,-3.37,0.26,14
108,AAVEUSDT,ROSEUSDT,0.04,-3.44,-3.37,1349.56,14
341,ENSUSDT,ASTRUSDT,0.0,-4.88,-3.37,212.71,14
496,QTUMUSDT,FLMUSDT,0.03,-3.59,-3.37,30.98,14
442,LINAUSDT,DUSKUSDT,0.03,-3.48,-3.37,0.05,14
186,ARUSDT,FETUSDT,0.0,-4.45,-3.37,21.87,14
441,LINAUSDT,CREAMUSDT,0.0,-4.45,-3.37,0.0,14
515,RVNUSDT,REQUSDT,0.0,-4.58,-3.37,0.26,14
384,HBARUSDT,ANKRUSDT,0.01,-4.1,-3.37,2.0,14
241,BSWUSDT,BATUSDT,0.03,-3.52,-3.37,0.8,14
528,SHIB1000USDT,DOGEUSDT,0.01,-3.84,-3.37,0.15,14
545,STGUSDT,KSMUSDT,0.03,-3.49,-3.37,0.02,14
546,STGUSDT,WAVESUSDT,0.01,-3.87,-3.37,0.33,14
547,STGUSDT,XTZUSDT,0.03,-3.54,-3.37,0.67,14
183,ARUSDT,DENTUSDT,0.04,-3.38,-3.37,8272.26,14
357,ENSUSDT,ICXUSDT,0.03,-3.59,-3.37,64.12,14
395,HOOKUSDT,CREAMUSDT,0.04,-3.43,-3.37,0.17,14
435,KNCUSDT,WAVESUSDT,0.0,-4.52,-3.37,0.31,14
144,ALGOUSDT,KSMUSDT,0.0,-4.18,-3.37,0.01,14
135,ALGOUSDT,COCOSUSDT,0.04,-3.41,-3.37,0.14,14
452,LRCUSDT,ALPHAUSDT,0.0,-4.28,-3.37,3.0,14
549,STORJUSDT,1000FLOKIUSDT,0.04,-3.45,-3.37,9.15,13
607,VETUSDT,CVCUSDT,0.03,-3.5,-3.37,0.22,13
658,XTZUSDT,OGNUSDT,0.01,-3.98,-3.37,9.35,13
569,USDCUSDT,1000LUNCUSDT,0.04,-3.39,-3.37,7.42,13
521,SCRTUSDT,ENSUSDT,0.01,-3.79,-3.37,0.05,13
343,ENSUSDT,AXSUSDT,0.0,-4.5,-3.37,1.63,13
180,APTUSDT,TOMOUSDT,0.04,-3.43,-3.37,30.01,13
376,GMXUSDT,ICPUSDT,0.04,-3.45,-3.37,13.12,13
281,CRVUSDT,API3USDT,0.04,-3.41,-3.37,0.68,13
258,BSWUSDT,WAVESUSDT,0.01,-3.79,-3.37,0.09,13
248,BSWUSDT,DUSKUSDT,0.02,-3.72,-3.37,1.11,13
203,AVAXUSDT,HIGHUSDT,0.03,-3.56,-3.37,7.48,13
181,ARUSDT,AGIXUSDT,0.04,-3.45,-3.37,21.26,13
421,KNCUSDT,DGBUSDT,0.03,-3.49,-3.37,69.93,13
347,ENSUSDT,CKBUSDT,0.04,-3.38,-3.37,3277.61,13
178,ANTUSDT,SUSHIUSDT,0.0,-4.26,-3.37,1.96,13
167,ALICEUSDT,GMTUSDT,0.04,-3.4,-3.37,4.41,13
146,ALGOUSDT,MINAUSDT,0.0,-4.38,-3.37,0.28,13
103,AAVEUSDT,DUSKUSDT,0.04,-3.42,-3.37,427.2,13
364,ENSUSDT,OGNUSDT,0.02,-3.76,-3.37,115.55,13
301,DARUSDT,RSRUSDT,0.04,-3.43,-3.37,42.07,13
397,HOOKUSDT,FETUSDT,0.04,-3.45,-3.37,4.8,13
382,HBARUSDT,ALICEUSDT,0.04,-3.45,-3.37,0.04,13
20,1000FLOKIUSDT,BCHUSDT,0.02,-3.73,-3.37,0.0,13
383,HBARUSDT,ALPHAUSDT,0.02,-3.75,-3.37,0.61,13
243,BSWUSDT,BNXUSDT,0.04,-3.46,-3.37,0.28,12
8,1000BONKUSDT,AXSUSDT,0.03,-3.52,-3.37,0.0,12
189,ARUSDT,HIGHUSDT,0.01,-3.86,-3.37,3.88,12
195,ATOMUSDT,OCEANUSDT,0.02,-3.6,-3.37,32.05,12
201,AVAXUSDT,FTMUSDT,0.03,-3.57,-3.37,41.48,12
5,10000NFTUSDT,UNIUSDT,0.03,-3.54,-3.37,0.0,12
225,BICOUSDT,BLURUSDT,0.0,-4.57,-3.37,0.62,12
532,SHIB1000USDT,LINAUSDT,0.01,-3.87,-3.37,1.39,12
530,SHIB1000USDT,HOOKUSDT,0.01,-3.77,-3.37,0.01,12
648,XTZUSDT,GALUSDT,0.02,-3.73,-3.37,0.69,12
9,1000BONKUSDT,CEEKUSDT,0.01,-3.82,-3.37,0.01,12
430,KNCUSDT,PEOPLEUSDT,0.0,-4.47,-3.37,33.2,12
251,BSWUSDT,LITUSDT,0.01,-3.97,-3.37,0.19,12
256,BSWUSDT,TRBUSDT,0.02,-3.71,-3.37,0.01,12
3,10000NFTUSDT,ONTUSDT,0.01,-3.85,-3.37,0.02,12
485,OPUSDT,ICPUSDT,0.0,-4.23,-3.37,0.45,12
259,BSWUSDT,XEMUSDT,0.02,-3.76,-3.37,5.05,12
506,RVNUSDT,AUDIOUSDT,0.01,-3.86,-3.37,0.1,12
500,RNDRUSDT,ETCUSDT,0.01,-3.97,-3.37,0.06,12
245,BSWUSDT,C98USDT,0.02,-3.59,-3.37,0.86,12
400,HOOKUSDT,ICPUSDT,0.04,-3.47,-3.37,0.35,12
113,ACHUSDT,CELRUSDT,0.01,-3.85,-3.37,1.72,12
596,USDCUSDT,ZENUSDT,0.04,-3.41,-3.37,0.1,12
75,1000XECUSDT,LINKUSDT,0.03,-3.53,-3.37,0.0,12
363,ENSUSDT,NEOUSDT,0.01,-3.92,-3.37,1.22,12
362,ENSUSDT,MTLUSDT,0.03,-3.52,-3.37,12.26,12
558,THETAUSDT,API3USDT,0.04,-3.42,-3.37,0.71,12
593,USDCUSDT,WAVESUSDT,0.04,-3.43,-3.37,0.46,12
350,ENSUSDT,CTSIUSDT,0.0,-4.27,-3.37,98.95,12
586,USDCUSDT,KNCUSDT,0.04,-3.41,-3.37,1.47,12
663,YFIUSDT,ILVUSDT,0.04,-3.47,-3.37,125.47,12
162,ALICEUSDT,ETHWUSDT,0.01,-3.82,-3.37,0.44,12
491,QTUMUSDT,BLURUSDT,0.04,-3.4,-3.37,4.68,12
207,AVAXUSDT,IOTAUSDT,0.04,-3.4,-3.37,77.04,11
636,XTZUSDT,AGIXUSDT,0.02,-3.69,-3.37,2.78,11
684,ZILUSDT,MANAUSDT,0.01,-3.88,-3.37,0.04,11
47,1000FLOKIUSDT,ZRXUSDT,0.04,-3.38,-3.37,0.17,11
56,1000LUNCUSDT,FITFIUSDT,0.03,-3.58,-3.37,8.2,11
72,1000XECUSDT,FLOWUSDT,0.0,-4.87,-3.37,0.03,11
253,BSWUSDT,STORJUSDT,0.02,-3.69,-3.37,0.55,11
92,1INCHUSDT,FXSUSDT,0.04,-3.38,-3.37,0.05,11
39,1000FLOKIUSDT,SLPUSDT,0.04,-3.39,-3.37,13.65,11
119,AKROUSDT,FXSUSDT,0.02,-3.61,-3.37,0.0,11
125,ALGOUSDT,AGLDUSDT,0.02,-3.63,-3.37,0.51,11
535,SHIB1000USDT,SUNUSDT,0.0,-4.27,-3.37,1.7,11
641,XTZUSDT,CKBUSDT,0.03,-3.51,-3.37,265.24,11
0,10000NFTUSDT,1000BTTUSDT,0.01,-3.89,-3.37,6.67,11
464,MKRUSDT,FILUSDT,0.04,-3.46,-3.37,147.97,11
381,HBARUSDT,1INCHUSDT,0.02,-3.62,-3.37,0.13,11
372,GFTUSDT,CTCUSDT,0.02,-3.69,-3.37,0.13,11
265,CELOUSDT,BLURUSDT,0.0,-4.3,-3.37,1.02,10
627,VETUSDT,XTZUSDT,0.01,-4.0,-3.37,0.02,10
361,ENSUSDT,MINAUSDT,0.0,-4.23,-3.37,18.09,10
53,1000LUNCUSDT,C98USDT,0.01,-3.96,-3.37,0.61,10
211,AVAXUSDT,LRCUSDT,0.01,-3.98,-3.37,51.46,10
57,1000LUNCUSDT,FXSUSDT,0.0,-4.82,-3.37,0.02,10
58,1000LUNCUSDT,LITUSDT,0.01,-4.06,-3.37,0.14,10
122,ALGOUSDT,1000BONKUSDT,0.03,-3.49,-3.37,406.23,10
475,NEARUSDT,ANKRUSDT,0.02,-3.6,-3.37,62.61,10
369,FTMUSDT,ALPHAUSDT,0.0,-4.13,-3.37,3.72,10
333,DYDXUSDT,NEARUSDT,0.04,-3.38,-3.37,1.13,10
169,ALICEUSDT,HOTUSDT,0.02,-3.63,-3.37,878.2,10
240,BSWUSDT,APEUSDT,0.04,-3.45,-3.37,0.04,10
238,BSWUSDT,1000FLOKIUSDT,0.04,-3.45,-3.37,5.0,10
226,BICOUSDT,BLZUSDT,0.03,-3.54,-3.37,4.5,10
110,AAVEUSDT,SANDUSDT,0.0,-4.25,-3.37,125.3,10
637,XTZUSDT,ALGOUSDT,0.02,-3.64,-3.37,5.16,10
533,SHIB1000USDT,LOOKSUSDT,0.01,-3.87,-3.37,0.07,10
380,GRTUSDT,ALPHAUSDT,0.01,-3.95,-3.37,1.28,10
551,STORJUSDT,AGIXUSDT,0.02,-3.66,-3.37,0.9,10
408,ICXUSDT,BLURUSDT,0.01,-4.09,-3.37,0.35,10
679,ZILUSDT,HOTUSDT,0.01,-3.83,-3.37,14.71,10
11,1000BONKUSDT,CVCUSDT,0.04,-3.41,-3.37,0.01,10
570,USDCUSDT,ARPAUSDT,0.03,-3.49,-3.37,28.4,10
355,ENSUSDT,GALUSDT,0.0,-4.55,-3.37,8.55,10
129,ALGOUSDT,BITUSDT,0.03,-3.54,-3.37,0.39,10
283,DARUSDT,ANKRUSDT,0.0,-4.14,-3.37,5.4,10
194,ATOMUSDT,CELRUSDT,0.03,-3.56,-3.37,692.88,10
1,10000NFTUSDT,ASTRUSDT,0.03,-3.5,-3.37,0.07,10
342,ENSUSDT,AUDIOUSDT,0.01,-3.87,-3.37,53.24,10
220,BALUSDT,TRXUSDT,0.04,-3.44,-3.37,96.02,9
592,USDCUSDT,TRBUSDT,0.04,-3.38,-3.37,0.07,9
470,MKRUSDT,OPUSDT,0.05,-3.37,-3.37,371.6,9
116,ACHUSDT,SNXUSDT,0.03,-3.48,-3.37,0.01,9
161,ALICEUSDT,EGLDUSDT,0.0,-4.44,-3.37,0.04,9
548,STGUSDT,YFIUSDT,0.03,-3.5,-3.37,0.0,9
112,AAVEUSDT,TLMUSDT,0.02,-3.63,-3.37,4101.51,9
351,ENSUSDT,CVXUSDT,0.0,-4.34,-3.37,2.37,9
315,DODOUSDT,SWEATUSDT,0.0,-4.19,-3.37,18.18,9
242,BSWUSDT,BELUSDT,0.02,-3.7,-3.37,0.32,9
230,BICOUSDT,CREAMUSDT,0.0,-4.2,-3.37,0.03,9
65,1000XECUSDT,BELUSDT,0.04,-3.4,-3.37,0.05,9
38,1000FLOKIUSDT,RUNEUSDT,0.03,-3.57,-3.37,0.03,9
40,1000FLOKIUSDT,STMXUSDT,0.0,-4.85,-3.37,6.57,9
267,CHZUSDT,BCHUSDT,0.04,-3.47,-3.37,0.0,9
631,XEMUSDT,AGIXUSDT,0.01,-3.87,-3.37,0.1,9
373,GFTUSDT,RSS3USDT,0.03,-3.51,-3.37,0.38,9
370,FTMUSDT,API3USDT,0.04,-3.42,-3.37,0.28,9
23,1000FLOKIUSDT,COTIUSDT,0.04,-3.44,-3.37,0.51,9
585,USDCUSDT,IMXUSDT,0.03,-3.54,-3.37,1.03,8
675,ZILUSDT,ENSUSDT,0.03,-3.58,-3.37,0.0,8
12,1000BONKUSDT,EGLDUSDT,0.02,-3.62,-3.37,0.0,8
573,USDCUSDT,BLZUSDT,0.04,-3.43,-3.37,12.18,8
429,KNCUSDT,OGNUSDT,0.0,-4.54,-3.37,5.94,8
436,KNCUSDT,XNOUSDT,0.02,-3.6,-3.37,0.83,8
2,10000NFTUSDT,GTCUSDT,0.04,-3.4,-3.37,0.0,8
582,USDCUSDT,FLOWUSDT,0.03,-3.5,-3.37,1.04,8
650,XTZUSDT,HIGHUSDT,0.01,-3.83,-3.37,0.51,8
22,1000FLOKIUSDT,BSVUSDT,0.01,-3.81,-3.37,0.0,8
34,1000FLOKIUSDT,LUNA2USDT,0.03,-3.55,-3.37,0.03,8
453,LRCUSDT,API3USDT,0.0,-4.36,-3.37,0.22,8
312,DASHUSDT,ZECUSDT,0.0,-4.4,-3.37,1.59,8
646,XTZUSDT,FLMUSDT,0.03,-3.54,-3.37,11.87,8
80,1000XECUSDT,RSRUSDT,0.02,-3.68,-3.37,7.4,8
454,LTCUSDT,EOSUSDT,0.0,-4.99,-3.37,71.52,8
98,AAVEUSDT,ALPHAUSDT,0.0,-4.14,-3.37,718.0,8
168,ALICEUSDT,HIGHUSDT,0.01,-3.88,-3.37,0.71,8
589,USDCUSDT,QTUMUSDT,0.04,-3.47,-3.37,0.36,8
250,BSWUSDT,FXSUSDT,0.0,-5.04,-3.37,0.02,8
345,ENSUSDT,BLURUSDT,0.04,-3.46,-3.37,22.12,8
221,BALUSDT,XLMUSDT,0.01,-3.93,-3.37,75.46,8
473,MKRUSDT,XNOUSDT,0.02,-3.75,-3.37,1049.06,8
255,BSWUSDT,SWEATUSDT,0.05,-3.38,-3.37,19.76,8
326,DOTUSDT,ROSEUSDT,0.0,-4.44,-3.37,106.82,8
536,SHIB1000USDT,TRXUSDT,0.01,-3.97,-3.37,0.17,8
320,DOTUSDT,GRTUSDT,0.01,-3.79,-3.37,44.45,8
503,RPLUSDT,ACHUSDT,0.04,-3.46,-3.37,1299.74,8
339,ENSUSDT,APEUSDT,0.0,-4.36,-3.37,2.98,8
179,APEUSDT,1000BONKUSDT,0.03,-3.48,-3.37,8690.26,8
501,RNDRUSDT,JASMYUSDT,0.01,-3.79,-3.37,217.51,8
43,1000FLOKIUSDT,SXPUSDT,0.03,-3.52,-3.37,0.14,7
520,SCRTUSDT,CREAMUSDT,0.0,-4.93,-3.37,0.06,7
598,VETUSDT,AGIXUSDT,0.04,-3.47,-3.37,0.06,7
325,DOTUSDT,NEARUSDT,0.03,-3.51,-3.37,2.99,7
574,USDCUSDT,BSVUSDT,0.04,-3.4,-3.37,0.03,7
124,ALGOUSDT,AGIXUSDT,0.0,-4.49,-3.37,0.54,7
640,XTZUSDT,AXSUSDT,0.03,-3.48,-3.37,0.13,7
150,ALICEUSDT,AGIXUSDT,0.04,-3.39,-3.37,3.91,7
36,1000FLOKIUSDT,NKNUSDT,0.01,-3.91,-3.37,0.38,7
291,DARUSDT,GMTUSDT,0.0,-4.12,-3.37,0.49,7
437,KSMUSDT,AGIXUSDT,0.03,-3.52,-3.37,85.44,7
26,1000FLOKIUSDT,CVXUSDT,0.0,-4.18,-3.37,0.01,7
24,1000FLOKIUSDT,CREAMUSDT,0.02,-3.62,-3.37,0.0,7
609,VETUSDT,EGLDUSDT,0.02,-3.72,-3.37,0.0,7
611,VETUSDT,ETHWUSDT,0.02,-3.68,-3.37,0.01,6
331,DYDXUSDT,ETHWUSDT,0.04,-3.4,-3.37,0.65,6
683,ZILUSDT,LINKUSDT,0.01,-3.89,-3.37,0.0,6
610,VETUSDT,ENSUSDT,0.03,-3.58,-3.37,0.0,6
336,DYDXUSDT,SNXUSDT,0.01,-3.77,-3.37,0.8,6
289,DARUSDT,FTMUSDT,0.02,-3.7,-3.37,0.44,6
444,LINAUSDT,GLMRUSDT,0.02,-3.73,-3.37,0.02,6
328,DOTUSDT,STXUSDT,0.01,-3.82,-3.37,8.58,6
405,HOTUSDT,AGIXUSDT,0.02,-3.76,-3.37,0.0,6
10,1000BONKUSDT,CROUSDT,0.02,-3.73,-3.37,0.01,6
45,1000FLOKIUSDT,WAVESUSDT,0.03,-3.54,-3.37,0.02,6
386,HBARUSDT,BCHUSDT,0.03,-3.52,-3.37,0.0,6
37,1000FLOKIUSDT,OMGUSDT,0.04,-3.44,-3.37,0.03,6
657,XTZUSDT,NEOUSDT,0.01,-3.77,-3.37,0.1,6
319,DOTUSDT,FTMUSDT,0.02,-3.62,-3.37,15.26,6
652,XTZUSDT,ICXUSDT,0.01,-3.99,-3.37,5.19,6
426,KNCUSDT,KDAUSDT,0.05,-3.37,-3.37,0.68,6
360,ENSUSDT,LOOKSUSDT,0.01,-3.98,-3.37,88.25,6
456,MANAUSDT,1000BONKUSDT,0.01,-3.82,-3.37,1106.3,6
130,ALGOUSDT,BLURUSDT,0.01,-3.91,-3.37,0.35,6
114,ACHUSDT,IOTXUSDT,0.02,-3.75,-3.37,1.21,6
185,ARUSDT,ETHWUSDT,0.0,-4.98,-3.37,2.42,6
356,ENSUSDT,HIGHUSDT,0.01,-3.79,-3.37,6.28,6
202,AVAXUSDT,GRTUSDT,0.01,-3.83,-3.37,120.82,6
143,ALGOUSDT,ILVUSDT,0.04,-3.46,-3.37,0.0,6
204,AVAXUSDT,HNTUSDT,0.02,-3.6,-3.37,7.01,6
594,USDCUSDT,XNOUSDT,0.04,-3.41,-3.37,1.23,6
467,MKRUSDT,ICPUSDT,0.02,-3.6,-3.37,165.75,6
469,MKRUSDT,LINKUSDT,0.03,-3.54,-3.37,128.77,6
163,ALICEUSDT,FETUSDT,0.01,-3.93,-3.37,4.03,6
455,LUNA2USDT,1000BONKUSDT,0.01,-3.9,-3.37,2771.7,6
465,MKRUSDT,GLMRUSDT,0.01,-3.86,-3.37,2225.96,6
322,DOTUSDT,IOSTUSDT,0.04,-3.46,-3.37,589.86,5
28,1000FLOKIUSDT,ENJUSDT,0.0,-4.4,-3.37,0.1,5
428,KNCUSDT,LOOKSUSDT,0.02,-3.76,-3.37,4.54,5
653,XTZUSDT,ILVUSDT,0.03,-3.49,-3.37,0.02,5
318,DOTUSDT,ETCUSDT,0.0,-4.62,-3.37,0.31,5
41,1000FLOKIUSDT,SUNUSDT,0.01,-3.8,-3.37,5.9,5
44,1000FLOKIUSDT,UNIUSDT,0.03,-3.59,-3.37,0.01,5
131,ALGOUSDT,BLZUSDT,0.03,-3.5,-3.37,2.53,5
31,1000FLOKIUSDT,KDAUSDT,0.03,-3.5,-3.37,0.04,5
46,1000FLOKIUSDT,ZENUSDT,0.01,-3.81,-3.37,0.0,5
264,BUSDUSDT,RSS3USDT,0.05,-3.37,-3.37,7.42,5
170,ALICEUSDT,ILVUSDT,0.02,-3.72,-3.37,0.02,5
590,USDCUSDT,RENUSDT,0.04,-3.39,-3.37,9.87,5
298,DARUSDT,LRCUSDT,0.02,-3.67,-3.37,0.55,5
531,SHIB1000USDT,IMXUSDT,0.02,-3.71,-3.37,0.01,5
82,1INCHUSDT,AGIXUSDT,0.0,-4.19,-3.37,1.26,5
571,USDCUSDT,BATUSDT,0.02,-3.61,-3.37,4.23,5
19,1000FLOKIUSDT,ARPAUSDT,0.02,-3.61,-3.37,1.07,5
249,BSWUSDT,FITFIUSDT,0.04,-3.39,-3.37,11.51,5
27,1000FLOKIUSDT,DOGEUSDT,0.03,-3.56,-3.37,0.53,5
577,USDCUSDT,C98USDT,0.04,-3.41,-3.37,4.52,5
661,YFIUSDT,CEEKUSDT,0.0,-4.2,-3.37,96194.9,4
292,DARUSDT,GRTUSDT,0.01,-3.78,-3.37,1.28,4
404,HOTUSDT,1000BONKUSDT,0.04,-3.4,-3.37,3.35,4
16,1000BONKUSDT,SCUSDT,0.03,-3.54,-3.37,0.14,4
321,DOTUSDT,HNTUSDT,0.02,-3.7,-3.37,2.58,4
659,YFIUSDT,ALGOUSDT,0.0,-4.27,-3.37,42360.17,4
664,YFIUSDT,LUNA2USDT,0.04,-3.4,-3.37,6209.14,4
15,1000BONKUSDT,REQUSDT,0.04,-3.38,-3.37,0.01,4
340,ENSUSDT,ARPAUSDT,0.04,-3.47,-3.37,374.59,4
66,1000XECUSDT,BLURUSDT,0.03,-3.55,-3.37,0.05,4
635,XTZUSDT,1INCHUSDT,0.03,-3.53,-3.37,2.2,4
618,VETUSDT,LINKUSDT,0.04,-3.46,-3.37,0.0,4
88,1INCHUSDT,ETHWUSDT,0.04,-3.39,-3.37,0.14,4
338,ENSUSDT,AGIXUSDT,0.01,-3.85,-3.37,34.4,4
104,AAVEUSDT,HIGHUSDT,0.03,-3.57,-3.37,34.79,4
327,DOTUSDT,SNXUSDT,0.01,-3.79,-3.37,2.12,4
117,ACHUSDT,SUSHIUSDT,0.03,-3.57,-3.37,0.02,4
50,1000LUNCUSDT,BLURUSDT,0.01,-3.93,-3.37,0.23,4
591,USDCUSDT,RUNEUSDT,0.05,-3.37,-3.37,0.73,4
266,CHRUSDT,1000BONKUSDT,0.03,-3.47,-3.37,285.58,4
223,BICOUSDT,AGIXUSDT,0.04,-3.43,-3.37,0.96,4
190,ARUSDT,ILVUSDT,0.03,-3.59,-3.37,0.12,3
61,1000LUNCUSDT,RENUSDT,0.04,-3.38,-3.37,1.34,3
578,USDCUSDT,COREUSDT,0.01,-3.97,-3.37,0.39,3
581,USDCUSDT,DASHUSDT,0.01,-3.82,-3.37,0.02,3
277,COREUSDT,EOSUSDT,0.05,-3.37,-3.37,2.25,3
595,USDCUSDT,ZECUSDT,0.03,-3.55,-3.37,0.03,3
271,CHZUSDT,ILVUSDT,0.04,-3.38,-3.37,0.0,3
568,USDCUSDT,1000BTTUSDT,0.02,-3.72,-3.37,1516.74,3
557,SWEATUSDT,1000BTTUSDT,0.03,-3.54,-3.37,14.5,3
305,DARUSDT,SNXUSDT,0.02,-3.69,-3.37,0.06,2
368,ETHWUSDT,1000BONKUSDT,0.04,-3.45,-3.37,6596.77,2
612,VETUSDT,FETUSDT,0.05,-3.37,-3.37,0.06,2
115,ACHUSDT,JASMYUSDT,0.02,-3.59,-3.37,5.5,2
510,RVNUSDT,HIGHUSDT,0.02,-3.66,-3.37,0.01,2
89,1INCHUSDT,FETUSDT,0.05,-3.37,-3.37,1.3,2
572,USDCUSDT,BLURUSDT,0.03,-3.47,-3.37,1.67,2
576,USDCUSDT,BUSDUSDT,0.0,-4.41,-3.37,0.99,2
348,ENSUSDT,COMPUSDT,0.01,-4.1,-3.37,0.31,2
662,YFIUSDT,ETHWUSDT,0.02,-3.61,-3.37,2596.01,2
645,XTZUSDT,FETUSDT,0.0,-4.65,-3.37,2.86,2
587,USDCUSDT,LTCUSDT,0.02,-3.62,-3.37,0.01,1
583,USDCUSDT,GFTUSDT,0.03,-3.56,-3.37,19.12,1
309,DASHUSDT,CREAMUSDT,0.04,-3.44,-3.37,5.26,1
278,COREUSDT,ZECUSDT,0.01,-3.82,-3.37,0.07,1
